id,valor_total_avaluo_predict,valor_total_avaluo
6106.0,913229579.3666667,901761698.0
13150.0,215361438.85333332,215391330.0
17396.0,593877930.8933333,602000000.0
15811.0,218185483.23333332,218882000.0
9642.0,178225218.36333334,178300000.0
11678.0,84543604.82,84465500.0
10971.0,69852964.75333333,69640000.0
8366.0,295998307.69,295457400.0
7571.0,616470628.1066667,612535000.0
17435.0,321398429.51,322650000.0
8162.0,223299467.47333333,222800000.0
4431.0,321949134.97333336,321060000.0
14389.0,234053181.82,234262000.0
13453.0,270534227.49666667,270601500.0
16746.0,266309329.99,266985000.0
17762.0,146632376.44,146907000.0
15077.0,126328161.47333333,126277000.0
18300.0,257090775.03333333,257977500.0
4434.0,98006613.83303334,98012800.0
12894.0,104533358.32666667,104538600.0
4510.0,193874372.39333335,193956000.0
4009.0,231155721.7,231116400.0
10443.0,169257002.24666667,169303000.0
14654.0,152583657.56666666,152499985.46
3618.0,76851583.96666667,76582000.0
7577.0,312968315.42333335,311055000.0
625.0,281179477.61333334,280787008.0
5976.0,551185200.5466666,548640000.0
18171.0,343477502.7966667,344086000.0
3030.0,70382083.74,70185000.0
15055.0,109973612.27,110160000.0
5695.0,150138544.5,150322000.0
1764.0,213550679.76666668,213280000.0
13630.0,288436493.2733333,289388700.0
17103.0,98206652.28666666,98527000.0
6776.0,77648446.85333334,77018000.0
17452.0,104687954.25333333,104747000.0
17352.0,269717088.96,271192000.0
3997.0,306751437.8833333,306875000.0
550.0,257221463.2,256664900.0
12543.0,70301442.4,70325000.0
9383.0,51871942.44386666,51640160.0
3853.0,99470265.68333334,99539040.0
4062.0,316050924.43333334,316475000.0
5098.0,129114417.12666667,129149000.0
8204.0,151427633.93333334,151400000.0
10964.0,148682249.25666666,148278400.0
7692.0,209985729.19666666,208596000.0
11609.0,216895750.52,216913000.0
10309.0,94915359.27,95024000.0
4384.0,181218652.51666668,181300000.0
3905.0,158876696.53333333,158755500.0
8298.0,130589680.60333334,130360000.0
6555.0,126455251.51526667,125980200.0
12623.0,1132688180.3,1161550000.0
15643.0,224481942.82666665,224482400.0
6126.0,145854035.86666667,145108000.0
16441.0,519041673.1333333,523592000.0
11133.0,127378706.53176668,127391250.0
12892.0,128716296.76333334,128725325.0
12799.0,391147452.6333333,391686400.0
6152.0,442435733.74,436375000.0
17160.0,130610718.99,130680000.0
17601.0,94319440.54,94248500.0
12152.0,350217192.96,349658100.0
8053.0,215409544.89,215600000.0
6960.0,101891113.54,101728000.0
1477.0,166535153.7,165714000.0
11955.0,296126041.2133333,296450000.0
4138.0,96993627.86343332,96826600.0
18256.0,645663738.9466667,651446400.0
10366.0,130397001.74333334,130500000.0
13867.0,195936678.31,196020000.0
9788.0,253283053.39666668,253500000.0
16626.0,105462936.34333333,105454380.0
16792.0,135183865.96666667,135200000.0
6499.0,169354604.13333333,168912000.0
716.0,96238178.31819999,95866400.0
6759.0,104158575.65,103905000.0
16241.0,311723674.22,312690360.0
14603.0,210120513.35,210422500.0
8057.0,543797806.9866667,541009500.0
12068.0,78170999.80666667,78148300.0
1886.0,67733272.31666666,67680000.0
16497.0,882155572.0,885916500.0
17970.0,150251853.68,150392500.0
12373.0,104187327.31,104112000.0
4084.0,115963742.79666667,114865920.0
15505.0,109856536.64,109987965.0
10088.0,130701914.26,130818600.0
11672.0,290262298.4,291342500.0
11695.0,116858661.23,116883320.0
1828.0,102130574.43,101868000.0
9363.0,155938368.39001933,156225000.0
8722.0,143991009.35,143702000.0
11965.0,93774990.48,94096000.0
10834.0,104192497.19333333,104345000.0
8068.0,576902631.5466666,575806800.0
6398.0,113742072.44333333,113400000.0
13690.0,74220210.98,74204268.0
531.0,154683344.63333333,154743180.0
6121.0,355070249.5133333,354395000.0
9000.0,107691531.2,107814000.0
12208.0,104394711.63333334,104443500.0
16098.0,149763467.42333335,150080000.0
4096.0,116775342.76666667,116136000.0
1762.0,157816023.66666666,157416516.0
8192.0,93311891.8,93151700.0
11308.0,732924617.1333333,734250300.0
15115.0,375999254.56666666,377400000.0
8514.0,186500133.93333334,186450000.0
12985.0,123486148.03666666,123539850.0
8272.0,380539596.8333333,379020000.0
10880.0,230760259.53,230409600.0
8325.0,84292159.9531,84261600.0
2958.0,99769408.36,99471800.0
205.0,216831204.07333332,216652646.0
8655.0,106564630.89,106276500.0
14933.0,100576421.1426,100740000.0
14166.0,183980800.70666668,184000000.0
7190.0,112669693.62666667,112261250.0
7933.0,322236196.1333333,320997000.0
15688.0,199339526.48,200015385.0
15675.0,178774549.51666668,179184000.0
10519.0,81424083.24826667,81280400.0
307.0,281948410.96666664,281737300.0
10918.0,85335849.96,85233750.0
8360.0,303210320.5366667,303139420.0
3734.0,207266629.9,206820000.0
9473.0,93085054.9,93300000.0
845.0,393730095.31666666,391167000.0
16381.0,284999560.32,286336470.0
11970.0,339357227.05,339672000.0
6656.0,155824137.31333333,155160000.0
10302.0,161367654.9,161345000.0
9187.0,163668108.2,163827650.0
8841.0,874120728.4333333,867640000.0
11303.0,255250916.22666666,254512400.0
16260.0,363618344.94,364883000.0
11164.0,405313832.56666666,405277000.0
17254.0,104162875.68,104392320.0
12866.0,139849481.96333334,140206130.0
11205.0,145333320.52333334,145082400.0
12940.0,405159055.3666667,407026400.0
18062.0,176395146.83333334,176687804.0
7195.0,207786827.4,207085600.0
18063.0,100984393.43666667,101162500.0
9115.0,118054700.45,118096000.0
12869.0,736604746.0066667,740375978.0
13110.0,134956775.31,134954402.0
2812.0,106486370.84666666,106200000.0
17895.0,124865556.33,125037500.0
7402.0,164697976.8,164606400.0
2991.0,112721602.15333334,112635600.0
9808.0,136533903.61,136702500.0
11841.0,226202061.75333333,226480000.0
3451.0,575659308.2733333,572378000.0
12213.0,163256924.90666667,163284016.0
13196.0,193020649.85333332,193124000.0
267.0,104131189.24666667,103950000.0
9481.0,145329842.71,145714246.0
8927.0,279405058.50666666,278794000.0
12002.0,75632751.3,75718000.0
13378.0,300441144.13,301555800.0
6765.0,189446558.95333335,188500000.0
10009.0,177513132.38559997,178126830.0
834.0,58554215.847333334,58000000.36
12734.0,125816890.34580001,126000000.0
15748.0,181701694.98333332,182100000.0
2699.0,90074333.21326664,89655720.0
10329.0,106623183.08333333,106920000.0
6078.0,250308528.23333332,249900000.0
13067.0,600437088.6066667,612768020.0
2842.0,112688191.39333333,112580000.0
7852.0,183902924.82,182900000.0
9146.0,140237734.07666665,140733800.0
17073.0,119957694.94666667,120063000.0
11335.0,331030060.19666666,330382000.0
16937.0,226532025.75333333,226927500.0
17771.0,197351874.23,197730000.0
6452.0,233529783.76666668,232500000.0
9426.0,100458007.56,100827400.0
10761.0,264875127.64,265027550.0
12129.0,124754864.14,124682240.0
7131.0,223293826.50666666,221990300.0
8265.0,164156597.33333334,163960000.0
6650.0,103779094.18666667,103559100.0
6154.0,490541799.5,484670200.0
5867.0,249186712.08333334,249114000.0
4093.0,263277359.63333333,263218800.0
18034.0,104875476.65333334,105003600.0
17704.0,142249102.58,142659500.0
3428.0,212884439.71,212664360.0
4959.0,597331745.1,595478000.0
1233.0,105676079.49333334,105168000.0
7082.0,83864530.3077,83559000.0
17187.0,84753334.45436665,84880000.0
8855.0,150546665.26666668,150482000.0
17221.0,93965942.74666667,94298400.0
14354.0,336254354.1566667,337086000.0
14170.0,186249590.20666668,186357600.0
7622.0,917624524.9,907984000.0
11754.0,138210037.72,138138000.0
15053.0,267629225.15333334,268508000.0
2447.0,338863245.08666664,338084000.0
17920.0,119228757.44333333,119457000.0
13354.0,370943266.21666664,371258600.0
1775.0,52243550.761933334,52154000.0
17542.0,113994110.04666667,114000000.0
13613.0,218469849.42,218583477.0
15766.0,169663665.96666667,170064000.0
13194.0,584128430.32,587171840.0
6517.0,105797538.70666666,105600000.0
14468.0,167437361.13342032,167905880.0
6098.0,159914518.47333333,159100800.0
876.0,117856635.95666666,117520000.0
7341.0,138886082.21,138156000.0
4067.0,70318664.23333333,70185000.0
15527.0,162514276.81333333,162722000.0
13083.0,200699615.58,200880000.0
3033.0,193483332.63333333,193232000.0
15389.0,103817812.53,104175000.0
6771.0,179945281.93333334,178980600.0
14014.0,104697606.41,104730000.0
478.0,112991766.25333333,112331000.0
17852.0,275463489.76666665,276143750.0
2975.0,63827164.39533333,63360000.0
17633.0,114924984.48,115025920.0
12962.0,435823647.51,435125000.0
17989.0,219125757.06666666,219548000.0
12319.0,148416011.19333333,148300000.0
16102.0,247207214.17333335,247934400.0
9992.0,176002059.2004,176410500.0
7202.0,130361210.81333333,130007735.0
12288.0,95282977.74,95140500.0
14326.0,104794156.44,104835000.0
10.0,96680355.96359996,96610000.0
7351.0,261474799.86666667,261777000.0
6122.0,209461834.98333332,208479150.0
6969.0,218900418.12666667,217890000.0
15273.0,79655018.64333333,79952670.0
17975.0,104932191.89333333,105078000.0
5967.0,84870229.43643333,84840000.0
12715.0,398851058.8333333,399439000.0
14243.0,119250321.56,119605200.0
13848.0,241839130.72,242127900.0
5350.0,450845302.6533333,451245600.0
17239.0,124994098.52333333,125200000.0
14263.0,410581364.93333334,412500000.0
15582.0,482584429.03333336,485383200.0
15949.0,210155433.84,210690100.0
8586.0,942659819.0666667,926718000.0
9687.0,265348323.2,266086350.0
10555.0,93393210.25,93361500.0
8967.0,94098206.11666666,94290000.0
5346.0,315086963.11,314314000.0
7829.0,187638353.15,187300000.0
10985.0,168159926.99687928,167785000.0
11424.0,360455952.8666667,360604400.0
7890.0,151062147.38,150190000.0
14471.0,235035737.57333332,235240000.0
12306.0,215050346.22,215075000.0
10665.0,140270978.44,140497500.0
17724.0,141831474.51333332,141794400.0
13584.0,254612775.16666666,254744000.0
2723.0,372247879.6333333,371345000.0
11106.0,118563256.81,118600000.0
1880.0,171221706.53333333,170635000.0
16471.0,140305200.65333334,140342400.0
13547.0,129899255.74333334,130016645.0
3080.0,136618577.79666665,136517250.0
6835.0,147758206.19,147253500.0
8704.0,584655779.58,585098236.0
8682.0,240764724.76,240969600.0
13837.0,105337529.96,105221940.0
3101.0,235384838.5,235401560.0
15724.0,311351891.03333336,312095360.0
721.0,198525452.19333333,198207100.0
10536.0,173209936.6338,173201000.0
2617.0,140137080.78666666,140154000.0
13188.0,299098614.23333335,299832000.0
10495.0,513567263.73333335,514150000.0
3221.0,117888424.26666667,117935400.0
16042.0,188093245.9,188867000.0
7288.0,67689409.36666666,67436100.0
2290.0,99776039.33333333,99552122.0
12434.0,228086191.70666668,228484000.0
560.0,145153747.06,145028040.0
9301.0,135826607.09333333,135490100.0
3154.0,229987944.93333334,229962000.0
14659.0,480915475.02666664,485475400.0
6097.0,358806088.73,357495600.0
13221.0,77013633.61333333,77050000.0
3295.0,228521415.8,228530500.0
18069.0,193615991.82666665,193800000.0
631.0,143283979.99666667,142915000.0
14832.0,465920955.1166667,467565400.0
13263.0,666485359.0633334,669995018.0
18035.0,203889154.18,204120000.0
7555.0,309818168.98333335,307300000.0
13963.0,167728858.96668598,167880000.0
15871.0,229876154.82,233150000.0
7182.0,137593009.76666668,136872000.0
17309.0,76568359.14666666,76747600.0
5590.0,136634763.45666668,136558964.0
13768.0,420095419.3,421387800.0
7563.0,101880091.5,101760000.0
2762.0,136647794.13333333,136332000.0
5481.0,550339240.7166667,551700800.0
10085.0,1014600967.4,1001951500.0
10089.0,105603501.94666667,106056000.0
15106.0,409291876.1,411350000.0
13987.0,74434011.38,74545500.0
3264.0,128310656.50666666,128016000.0
474.0,133669240.31333333,133518000.0
3200.0,158839464.43333334,158607100.0
12451.0,489626106.9266667,490792000.0
7369.0,275609791.92,275625000.0
17137.0,109723716.12333333,109988000.0
14526.0,164665625.46666667,165053840.0
14474.0,313016741.8666667,314100000.0
8350.0,121403219.11,121803050.0
17411.0,118133611.36333333,118373000.0
11526.0,130383168.83333333,130600000.0
2799.0,65836345.95333333,65715000.0
4048.0,158554073.91666666,158235000.0
756.0,351917680.61333334,350125000.0
226.0,578214069.3066666,574932000.0
13390.0,185619733.31,185537600.0
15064.0,177498775.03333333,177587150.0
7349.0,227771110.18,227708000.0
7557.0,227866584.89,227350000.0
15606.0,134626666.33333334,134800800.0
14043.0,464667224.4167066,465846745.0
7849.0,116186601.03333333,116001270.0
165.0,84973132.27666667,85000000.0
12953.0,411361142.03333336,412500000.0
13408.0,145397744.43333334,145512000.0
15157.0,119873363.49333334,119837264.0
14595.0,836821089.0066667,846384000.0
15682.0,617423164.8866667,636400000.0
12309.0,102291209.43333334,102270000.0
4298.0,115873554.49666667,115771600.0
13751.0,133379526.71,133805000.0
10186.0,130394260.28666666,130522200.0
9608.0,136614568.08666667,136858800.0
8818.0,51791994.8571,51640139.0
3291.0,236124270.73333332,235932000.0
2187.0,111853618.78666666,111598200.0
4162.0,147501537.29,147181000.0
5875.0,163440310.89333335,163655240.0
13355.0,307884994.6533333,307725000.0
21.0,196232577.04,195524450.0
16547.0,124098904.64,124152000.0
8876.0,173189930.92,173272200.0
7269.0,144410329.71333334,144000000.0
12729.0,161690352.25666666,161630000.0
11259.0,414873887.67333335,416411600.0
5640.0,108465576.01333334,108650000.0
12941.0,509444040.1166667,511494400.0
12063.0,196042121.84666666,195742800.0
9539.0,278942457.0366667,279213660.0
17611.0,369501201.56666666,370883000.0
15199.0,101402262.18666667,101436250.0
10772.0,105394847.37666667,105463512.0
11468.0,326785959.5366667,327225200.0
8784.0,71661065.61666666,71656500.0
6341.0,119769141.90666667,119502600.0
9844.0,343927708.07,344452520.0
14246.0,228651958.47333333,228514540.0
6956.0,119670687.99,119412100.0
16818.0,177264535.15333334,177537500.0
13082.0,148308817.91333333,148675500.0
9968.0,353921109.4266667,353552000.0
18328.0,152747825.83333334,152854800.0
11320.0,104113017.97333333,103947900.0
7329.0,162009495.83333334,161860000.0
15577.0,230091439.44333333,230602000.0
7959.0,225500736.53333333,224990672.0
16090.0,354882012.3333333,356258500.0
16546.0,141489811.22666666,141750000.0
5938.0,80996178.42666666,80534000.0
6445.0,217497367.86666667,216102900.0
12682.0,176425696.78666666,177141000.0
6684.0,59146409.2,58373400.0
16919.0,208905130.9,209406800.0
8829.0,185351764.15,184904200.0
8572.0,210876824.51333332,210667200.0
14555.0,192321609.94666666,192771500.0
6249.0,660776286.7833333,655200000.0
5581.0,170278885.32333332,170240000.0
18294.0,84191845.71,84553000.0
3345.0,195510507.46666667,195630600.0
18311.0,222929201.92666668,223380000.0
14351.0,505005753.00666666,507040000.0
10379.0,245809603.16666666,245970000.0
11991.0,281750653.58666664,281458000.0
2841.0,56607993.413333334,56214000.0
17226.0,152392335.33333334,152400000.0
3761.0,149381579.30333334,149307000.0
6463.0,111871119.88666667,111696000.0
12074.0,116046931.82666667,115902500.0
8524.0,685226718.65,683528000.0
6768.0,132924168.79333334,132318200.0
12083.0,153189924.11666667,153243440.0
9528.0,534994549.47333336,533459200.0
8853.0,150683046.18333334,150184000.0
15865.0,326874090.9,327880500.0
5795.0,100834298.18666667,100892000.0
12929.0,159020516.82333332,159165000.0
17638.0,1087577471.2666667,1111206000.0
11332.0,135456196.27,135200000.0
6937.0,94340380.85333334,93764000.0
10558.0,153824612.5,153712400.0
5206.0,293888295.97333336,290500000.0
12056.0,54609336.65153333,54620800.0
10066.0,771899025.5333333,774820000.0
17006.0,135576356.19333333,135788000.0
7050.0,190986367.7,190555300.0
17339.0,692349499.8466667,698160000.0
6624.0,204702365.59333333,203268240.0
16734.0,130655032.21666667,130838400.0
11861.0,235720390.08666667,235548290.0
2235.0,222210052.5,222013200.0
10496.0,228393990.17666668,228398000.0
10479.0,166486736.83350727,166256500.0
6268.0,393310803.23333335,390307268.0
6277.0,620445363.9266666,613816400.0
4878.0,213372594.94,212922000.0
15360.0,331572692.62333333,333144000.0
13726.0,244734494.6,244912700.0
14330.0,127010196.5993,127199200.0
8797.0,257238140.22,256956000.0
12825.0,159056741.54666665,159046400.0
11023.0,161363732.03,161265000.0
11925.0,349316900.56,348625000.0
17460.0,236721176.85333332,236700000.0
16118.0,95132736.85333334,95350650.0
8485.0,211759353.55,211933600.0
5910.0,318200914.43333334,317640000.0
10609.0,196302784.65333334,196631600.0
14613.0,216665582.34,216799500.0
17162.0,390734124.8,393718080.0
15073.0,324461682.10333335,324599300.0
8727.0,117542350.79,117496000.0
4475.0,241390791.73333332,240968000.0
386.0,333908785.14666665,332445000.0
3695.0,75663165.19,75130800.0
7428.0,169805596.56666666,169592000.0
517.0,102533996.82,102154050.0
14298.0,602769087.12,603202200.0
12290.0,391933997.6533333,392167000.0
13566.0,313780046.82666665,314098600.0
3073.0,65899251.97333334,65715000.0
2626.0,856231031.8,848510085.0
6919.0,86407882.33333333,86202000.0
9134.0,62464014.733333334,62687200.0
9371.0,190487564.17333335,190401200.0
12766.0,577087005.2933333,578866654.0
8510.0,152582390.87333333,152750000.0
380.0,93218954.17666666,93131350.0
10096.0,247297924.45333335,247300000.0
4604.0,177683990.0,177709100.0
1798.0,99624996.68333334,99591063.0
3643.0,141420318.28,141261220.0
13806.0,272620827.05333334,273152000.0
8678.0,490798501.18,490174050.0
11785.0,66902485.36666667,67032000.0
6286.0,138990466.29,137824500.0
3698.0,761203837.3666667,752031840.0
14237.0,129942698.08,129980000.0
10396.0,137985230.93,138000000.0
6051.0,57418355.15803333,56738560.0
18229.0,131666932.64333333,132080000.0
6640.0,84959373.33206667,84547000.0
17370.0,124572387.86,124790500.0
11326.0,450365147.17363995,452150000.0
16737.0,299498910.4866667,299328000.0
14767.0,472905710.3333333,474726000.0
14660.0,237694595.12,237888000.0
10161.0,222576038.96333334,222243000.0
8132.0,139961040.87333333,139941360.0
8233.0,209595692.37666667,209160000.0
16332.0,226271585.28666666,226442800.0
7309.0,208157706.57,207802000.0
11934.0,358111026.50666666,358380500.0
10701.0,197751902.16666666,197614000.0
14332.0,228322638.29,228767000.0
3625.0,159565449.06666666,159212000.0
15815.0,179559869.08666667,180500000.0
7843.0,125710929.51720001,125420000.0
10711.0,411255418.38,413018000.0
10862.0,274634399.68,274666250.0
7000.0,61364348.083333336,61225000.0
16925.0,221185862.68,221614200.0
16041.0,222250562.04666665,222759000.0
4921.0,226194404.78666666,226161572.0
13753.0,489177390.58,490500000.0
9357.0,125437421.70913336,125491200.0
17428.0,278319265.52666664,278650000.0
6807.0,86911831.72026667,86780000.0
12750.0,342273368.8,341955700.0
18134.0,182223957.64,182806000.0
13831.0,106270437.82666667,106401942.0
9870.0,153099988.53333333,153250000.0
7804.0,80859607.21666667,80861000.0
13195.0,70824701.85333334,70830000.0
6889.0,93193782.49333334,92826000.0
13755.0,84891174.42206667,84750000.0
7290.0,131498168.22333333,130944000.0
9704.0,55508870.20953332,54682992.0
8345.0,155319165.90666667,155430000.0
7138.0,89340308.89666666,88960000.0
9071.0,94880002.53,94860000.0
6259.0,338106553.0466667,335691450.0
15075.0,234978873.20666668,235515000.0
5509.0,135060673.27,134803500.0
9234.0,185904865.71333334,186246000.0
15912.0,138192540.32666665,138446000.0
1939.0,227767476.32,227575000.0
6994.0,80749681.14,80829000.0
4795.0,790036580.1,779394000.0
6520.0,181474122.0,180622400.0
10835.0,200661358.59666666,200396000.0
17297.0,360796231.22,360883000.0
4460.0,110326140.88333334,110240090.0
6174.0,287582049.37666667,285687000.0
14712.0,299052569.01666665,299374000.0
17612.0,211182452.69,211895000.0
11206.0,360011553.24,360500300.0
1615.0,128549474.71666667,127800000.0
1766.0,260658109.05,260110000.0
17798.0,358316500.67333335,360175000.0
12091.0,422708765.58666664,422280000.0
9477.0,86901312.18,86940000.0
17610.0,164008017.5,164304000.0
12675.0,73081582.12333333,73200000.0
15041.0,97039025.86,97113500.0
13000.0,216722343.45,217090000.0
10387.0,83692550.38333334,83677500.0
6853.0,223403634.67333335,221886000.0
709.0,51117026.56666667,50394000.0
599.0,271329324.13666666,270220000.0
9419.0,181103874.62,181166500.0
11779.0,178102400.8576,178388000.0
740.0,104652191.92666666,104357700.0
17913.0,340609720.01666665,341623000.0
14073.0,408203375.6,411045500.0
4125.0,480558190.9266667,478695000.0
7482.0,278239422.86333334,278051200.0
11790.0,129142163.70333333,129500000.0
6820.0,107772957.43333334,107450000.0
7543.0,311082950.72,307700000.0
10770.0,135276734.1,135345000.0
9334.0,456873797.48338664,457348000.0
8042.0,252011569.43333334,252290500.0
14824.0,105364121.89,105441000.0
10751.0,317647923.56666666,318666000.0
15078.0,208702478.88,209593000.0
8531.0,112437939.35333334,112255000.0
4648.0,248819475.83333334,248000000.0
10015.0,85506487.9,85563500.0
15845.0,132839511.98,133056000.0
8276.0,193003574.87333333,193103000.0
13813.0,105024492.94666667,105429520.0
15653.0,54623490.862633325,54685280.0
16457.0,90927194.7,90963600.0
16256.0,273918177.38666666,274600000.0
1866.0,275833227.16,274850000.0
14074.0,278984126.26666665,279232750.0
9141.0,401423664.8,402600000.0
13052.0,342849365.74666667,343578000.0
3332.0,161620886.36666667,161075200.0
6914.0,289736588.91333336,284812000.0
3725.0,138804520.8,138700000.0
1813.0,167576820.43333334,167248440.0
15554.0,142066301.82666665,142574400.0
9364.0,304504237.5733333,304108800.0
7846.0,105369624.88333334,105465347.0
7695.0,357561561.5933333,356440000.0
11759.0,105163340.00333333,105040000.0
9431.0,548812943.2633333,548428100.0
12258.0,231373975.31,231957000.0
11953.0,236020288.84,236636180.0
7095.0,129086045.57666667,128833365.0
8520.0,524220918.96,520960000.0
15198.0,149884322.3,150374220.0
3745.0,160221758.3,160120044.0
10170.0,92884155.39333333,93129000.0
12423.0,81589926.90333334,81500000.0
13716.0,145422134.92,145656240.0
10326.0,165944515.36680198,165853000.0
11904.0,102798097.27666667,102760000.0
13505.0,84004880.68666667,84060000.0
12165.0,196208512.08666667,196341200.0
11605.0,178327394.00186667,178647424.0
3982.0,509607567.8,507130000.0
15878.0,155000387.74666667,155548200.0
6639.0,288599291.7366667,286455448.0
17387.0,246836631.48666668,247389400.0
8887.0,250754775.06,250807500.0
15712.0,215043478.78333333,215020000.0
5154.0,441430511.2000666,440856000.0
8251.0,210227944.4,209856000.0
15872.0,104972510.62,105448700.0
12125.0,87217403.77666667,87131500.0
13606.0,155397890.6,155481000.0
9139.0,365624135.3333333,364210000.0
10425.0,455324159.8402799,456034800.0
3598.0,296379651.62666667,295560000.0
4.0,76540703.99333334,76151500.0
9322.0,434438392.0233333,430638000.0
14350.0,127628197.07263334,127512000.0
13274.0,121997543.46666667,121520000.0
12179.0,74370921.85333334,74479070.0
9416.0,65380722.406666666,65840000.0
606.0,84789114.23103333,84541000.0
10298.0,201263659.21666667,201075000.0
15184.0,141834815.14,141964640.0
13935.0,205701192.03333333,205618000.0
15048.0,61152605.89533333,61386000.0
17553.0,189681318.88666666,190083400.0
9302.0,227037274.03,227325000.0
13767.0,241598125.95333335,242064000.0
325.0,128484577.5,128000000.0
16691.0,134637072.47333333,135330550.0
9411.0,109075898.36666666,109058640.0
18078.0,293428426.13666666,293698550.0
15798.0,112391438.99333334,112736800.0
7506.0,369328732.4166667,366304500.0
7391.0,411650094.08,406902000.0
7723.0,201294551.27,200788500.0
17345.0,891925666.8666667,900550000.0
5958.0,200839960.08333334,200800000.0
13344.0,116745269.86333333,117045000.0
9291.0,107771982.19333333,107591250.0
15879.0,476151059.41,477535500.0
11025.0,185022831.28,184729040.0
11274.0,527348244.3333333,528130000.0
7861.0,130104475.99666667,130045440.0
14419.0,120675720.72666667,121000026.0
14565.0,79673930.42333333,80011000.0
7089.0,79906350.03333333,79739000.0
10271.0,165096308.83333334,165186000.0
7431.0,60477771.322,59658880.0
14865.0,96326723.02666667,96349300.0
673.0,145495664.62333333,144719000.0
17483.0,193144672.0,193576090.0
14636.0,97857012.78,98057000.0
5322.0,943597079.0333333,932638500.0
12946.0,87654857.81666666,87775000.0
14075.0,171560727.28,171700000.0
5781.0,237979447.66666666,237640000.0
10363.0,660537114.6866666,654928000.0
10038.0,195881683.12333333,196100000.0
10720.0,176554540.79046667,176400000.0
7101.0,160311988.26666668,160028820.0
18067.0,247381501.46,248395000.0
4613.0,192915887.87,192457000.0
7768.0,107719412.23333333,107428000.0
5592.0,116053696.21666667,115913680.0
225.0,172253377.25566664,171752400.0
14101.0,436355958.71666664,436214000.0
10477.0,73356624.37,73431900.0
13261.0,287401167.3666667,287981700.0
4689.0,87120995.67813337,86753220.0
17536.0,98855483.19,99210400.0
6371.0,249790459.47666666,249170000.0
12504.0,242149709.99333334,242465000.0
527.0,76387899.25333333,76107000.0
18239.0,101814037.13666667,101909600.0
15956.0,105392657.50333333,105462706.0
11718.0,57282389.736666664,57600000.0
2339.0,245414784.7,243756000.0
4855.0,108823339.79,108714000.0
12769.0,148135833.95333335,148230000.0
17891.0,145677370.97333333,145760000.0
18108.0,141933701.14,141994160.0
10614.0,105460479.04666667,105467600.0
5771.0,161186909.72666666,161088900.0
14947.0,227760584.15333334,228823600.0
5960.0,533672950.73333335,531375000.0
10573.0,93423914.54666667,93490000.0
3711.0,241707710.5,241634000.0
12231.0,220101556.11333334,220150000.0
4432.0,84956602.19,84906250.0
4485.0,99734726.53853334,99591063.0
14687.0,340117546.09,341732700.0
13376.0,50062190.74666667,50488200.0
11662.0,391173084.3333333,391666800.0
9323.0,105488057.33666667,106050000.0
6511.0,436223240.7633333,428044800.0
14992.0,210165567.3,210260000.0
6498.0,90987357.67606665,90750000.0
7497.0,76001021.36,75684000.0
15025.0,653219584.1,656715000.0
16699.0,183147641.11,183194500.0
8999.0,180618872.06666666,180558100.0
17931.0,442252278.34334666,443625000.0
14290.0,306341586.74,306680000.0
12382.0,104840684.38,104686000.0
17515.0,65720210.21333333,66074000.0
8034.0,57104460.93666667,57078000.0
12305.0,145904564.45666668,145785480.0
17314.0,293036229.98,294120000.0
11447.0,47666250.266666666,47466000.0
9201.0,239938533.71333334,240552400.0
13012.0,141333405.11,141254144.0
11762.0,124928855.86333333,124899200.0
14239.0,105217527.29333334,105138900.0
15864.0,244888842.46,245634490.0
8242.0,135770555.23333332,135975000.0
7297.0,101457420.29333334,101346600.0
16616.0,135481631.23333332,135600000.0
393.0,97424560.53556666,97200000.0
16957.0,174934218.97666666,174850000.0
15746.0,97787888.30666667,97891000.0
11321.0,68790203.17333333,68937500.0
2678.0,119190861.71666667,118700000.0
7584.0,383265411.43666667,380076040.0
15728.0,121360267.34666666,121485000.0
13933.0,200497795.65333334,200585760.0
12322.0,81366401.37666667,81450000.0
15647.0,105412627.15,105420810.0
10909.0,113913796.91333333,113939800.0
2266.0,213148943.36333334,212680000.0
12282.0,307754590.29333335,307000000.0
1829.0,141398970.11333334,141064000.0
16261.0,221282233.4,221593740.0
12065.0,88195579.43666667,88200000.0
3443.0,99548837.2,99499334.0
6222.0,102450507.61333333,102000000.0
6764.0,164776389.1,164347000.0
1910.0,211244731.47,211128000.0
15379.0,106123338.5,106527600.0
11749.0,179538095.92666668,179400000.0
17249.0,1051853666.3666667,1058242000.0
14403.0,124323391.37666667,124341600.0
13245.0,102077453.42333333,102060000.0
7178.0,750723151.8,742315000.0
16080.0,140994790.85333332,141410000.0
16423.0,617758689.3866667,618240000.0
17058.0,105377947.49333334,105348100.0
11767.0,71861482.82,72051800.0
13576.0,349449620.78333336,350304850.0
7910.0,589933249.3266667,589280000.0
12754.0,450707027.9235866,451112500.0
14033.0,83072550.92333333,83169200.0
1595.0,152098899.33333334,151880000.0
13477.0,133747847.18,133966500.0
15387.0,202826645.74666667,203034000.0
17320.0,115090273.15333334,115218080.0
11592.0,116100784.98,116197020.0
3615.0,154833445.98666668,154800000.0
16702.0,357827066.7866667,358659800.0
18065.0,245844777.95333335,246548000.0
16651.0,88557528.2,88748800.0
4070.0,388118953.73333335,386996000.0
11683.0,278172055.74666667,278330400.0
13320.0,71478312.56333333,71850000.0
1005.0,424958480.87333333,419925000.0
18144.0,175559529.21333334,175639800.0
2542.0,103259371.81333333,103118700.0
13653.0,267246866.90666667,267824000.0
15558.0,445295394.0167333,445732500.0
11957.0,171829778.03333333,172110300.0
2098.0,300624803.4866667,300823500.0
7289.0,126604129.35666667,126355000.0
14952.0,255524601.0,255789600.0
2382.0,99431559.61333333,99410280.0
18290.0,101451622.37333333,101584000.0
15145.0,150718986.98333332,151113510.0
7183.0,224747079.97333333,223391000.0
11830.0,130097925.04,130020000.0
16212.0,234037515.4,234820000.0
16890.0,115555866.54,115740000.0
14397.0,503673799.8333333,502764200.0
6775.0,200674642.09333333,198288960.0
15418.0,105230459.48,105447265.0
15480.0,156407256.26666668,156736204.8
11502.0,213070489.88,213102500.0
5669.0,123311868.95,123133000.0
7071.0,365606140.93666667,364399200.0
14049.0,547889829.14,552777886.0
5527.0,555821434.29,556075800.0
3757.0,156049818.41333333,155962400.0
16939.0,286893595.06,288330000.0
1528.0,956702466.5333333,945875000.0
11329.0,204465871.53333333,204000000.0
8912.0,221159153.99666667,220383030.0
16327.0,298400811.62333333,298770000.0
18241.0,135610880.78,136135000.0
16114.0,57199676.25,58139850.0
7496.0,91514722.18666667,91524720.0
13481.0,184891752.32666665,185220000.0
11402.0,178042081.97713333,178074700.0
6819.0,117827383.45,117321350.0
6513.0,121344385.2,120935250.0
9052.0,398949898.26666665,397180000.0
8419.0,118147720.56,118133370.0
9674.0,103641531.38333334,103640000.0
4948.0,350991878.06666666,351217000.0
3017.0,457295551.3666667,454852200.0
9756.0,84306252.86,84235000.0
3236.0,65880698.126666665,65715000.0
14624.0,254740236.33333334,255081000.0
11423.0,130027639.86666666,129866100.0
12321.0,102767331.46333334,102816000.0
17218.0,209745657.51666668,210183445.0
6081.0,111787779.09333333,111350050.0
11234.0,67572510.04666667,67506800.0
17078.0,476972082.9,480193000.0
3640.0,186535815.4,186204065.0
11863.0,184742286.63333333,184509500.0
12839.0,195152510.30666667,195161650.0
17524.0,98454588.73333333,98784000.0
3676.0,79292310.38333334,79200000.0
14355.0,114260270.56333333,114340000.0
93.0,150017682.00666666,150012900.0
6265.0,161913659.46666667,161271861.0
12137.0,154200022.96666667,154051100.0
782.0,81359557.2131,81000000.0
15381.0,308252233.2866667,308460800.0
5953.0,140092974.98333332,139860000.0
16600.0,277656615.7866667,278327900.0
16104.0,281979267.91333336,283213312.0
17227.0,174118258.06,174325500.0
17446.0,213707655.41333333,214032000.0
9374.0,74579162.43333334,74540000.0
1872.0,180124704.96666667,180096000.0
4812.0,90744521.37719999,90615000.0
1248.0,99536492.66,99441180.0
16749.0,201054049.08333334,201450000.0
11068.0,98674289.74333334,98560000.0
17800.0,145458373.68333334,145562850.0
7333.0,339308996.54,338906000.0
8203.0,217064096.56,216609200.0
7613.0,226280399.49333334,225170000.0
9415.0,54514934.95136666,54509600.0
8006.0,186007391.43333334,185366400.0
8129.0,288104629.26666665,288040000.0
10889.0,320202506.87,320220000.0
5367.0,385662424.03333336,385800000.0
7736.0,171881020.10093334,171700000.0
2202.0,112564993.62333333,111882000.0
5115.0,107891163.15333334,107933708.0
11578.0,336223168.37,335790000.0
13037.0,135864195.81333333,135801900.0
8880.0,182408489.71668598,182154000.0
12950.0,85708506.22,85680000.0
2904.0,139223583.71,138915800.0
1868.0,75217327.42333333,75100000.0
12527.0,170686270.53337198,170519000.0
15927.0,104970447.53333333,105038000.0
12057.0,150296611.26,150170000.0
11071.0,120827500.36333333,120802500.0
9583.0,161114052.75333333,160776000.0
6356.0,102063511.38333334,101700000.0
3011.0,207874478.38333333,207394000.0
10667.0,217809117.43333334,217943600.0
15708.0,107928723.41,108174825.0
8610.0,316888060.1,315707052.0
17324.0,324468268.2033333,325466800.0
4192.0,157022303.98666668,156702000.0
11487.0,85477783.23850001,85455400.0
12036.0,274539620.06666666,274747200.0
824.0,127536773.06,126990000.0
15114.0,247206472.8,247492000.0
18040.0,160997517.71333334,161124268.0
14978.0,863844502.0666667,864342100.0
13276.0,730033519.8,735792750.0
7426.0,383120224.43333334,380089800.0
5036.0,361865820.57666665,359540000.0
10716.0,474341161.8,476977500.0
9406.0,228293985.08333334,230291108.0
12739.0,179524988.15666667,179400000.0
13841.0,144975668.17,145018995.0
15123.0,62289338.00666667,62700000.0
13041.0,91670496.1,91787520.0
13698.0,92668142.0,92900600.0
13885.0,101599632.42,101598120.0
14615.0,129335575.62,129438400.0
6483.0,150903396.76666668,150055000.0
12872.0,75862958.7,75936000.0
15388.0,93559262.58,93721680.0
17786.0,273349996.64,273485000.0
14473.0,124975559.11333333,125037500.0
10077.0,421828932.06666666,421675000.0
14462.0,352738897.78,354932000.0
3158.0,180158420.77333334,180203000.0
15067.0,130444060.71666667,130619800.0
10611.0,142105250.01333332,142003900.0
18120.0,206828270.33333334,206945500.0
14460.0,153180656.13333333,153700000.0
6391.0,60617867.50066667,59551500.0
5835.0,265655588.84,264729000.0
12888.0,257655993.31666666,257544400.0
17270.0,125184688.07666667,125319200.0
4903.0,99589230.63333334,99590400.0
16151.0,168251309.93333334,168430500.0
5171.0,188385240.29333332,188460000.0
15232.0,207947815.81666666,208114600.0
8147.0,223637878.29333332,222758905.0
15634.0,481225843.32,484620000.0
1391.0,341611458.85333335,341025600.0
10155.0,189678404.86666667,189725000.0
9828.0,299458793.32,299167000.0
9280.0,1119458860.4666667,1165920000.0
16095.0,107126201.87666667,107620950.0
16178.0,129768166.92333333,130080000.0
3148.0,94250877.6,94031220.0
13811.0,142599210.99,142866800.0
3398.0,95795084.16646667,95755500.0
16181.0,193885599.84,194100000.0
13750.0,152825774.26666668,153090500.0
4532.0,356110468.0133333,352635000.0
14782.0,214402880.08,215245560.0
14809.0,143485831.55333334,144071000.0
14048.0,225425861.93333334,225288800.0
1734.0,58729237.61200002,58000000.0
10139.0,85517952.08850001,85800000.0
14819.0,126182941.55333333,126404500.0
15987.0,138033173.87333333,138210000.0
11862.0,95852586.51,95742000.0
1468.0,438644745.83335996,437573628.0
4847.0,853965211.8666667,845864400.0
7100.0,291526228.6066667,290996000.0
10903.0,380554264.6333333,380770000.0
3319.0,314269211.6933333,313940800.0
11550.0,147592320.62,147400000.0
16107.0,185326990.40333334,186160000.0
7367.0,51767577.83200001,51640139.0
16761.0,115221475.31333333,115632000.0
1055.0,237238492.03333333,236739000.0
12544.0,139194689.61666667,139172800.0
7801.0,125542306.33053334,125487000.0
17839.0,100116138.45666666,100157400.0
7636.0,281617089.02666664,280275900.0
17603.0,283072018.6666667,284837200.0
6749.0,129200845.57,128975000.0
4717.0,181146312.56666666,181209600.0
9261.0,832581927.2,833239200.0
17475.0,168303865.0337489,168622100.0
11542.0,222411389.78666666,222184300.0
2299.0,72228739.38,72000000.0
7437.0,199386469.87333333,198825000.0
7353.0,499575056.08,491870000.0
10467.0,199375373.18666667,199320000.0
14128.0,238695896.54666665,239462800.0
5724.0,356181337.64666665,352986000.0
15104.0,174836331.67333335,174728400.0
16345.0,142372063.60666665,142607600.0
2012.0,83420526.15033333,83130000.0
8001.0,135037658.86666667,135172000.0
11187.0,432370495.47333336,431240620.0
17627.0,289655387.6,291200000.0
10164.0,147077834.97333333,147211050.0
708.0,328887150.6333333,328360000.0
12935.0,255104747.83333334,255470556.0
8137.0,404831252.4,402895400.0
10277.0,193582697.38,194142000.0
2932.0,170553485.69666666,170460000.0
13876.0,766000552.7333333,774000000.0
17756.0,126448817.41193333,126528000.0
6522.0,99865431.22666667,99516600.0
13182.0,363980114.04,364081022.0
2801.0,162912522.54,162411600.0
5853.0,169235589.86717197,168506100.0
13341.0,73198000.0,73200000.0
15061.0,131269745.81,131625975.0
7872.0,132447965.86666666,132195600.0
16047.0,161646250.11333334,161884800.0
10643.0,943943563.2666667,939940800.0
820.0,779179472.8333334,772640000.0
7991.0,225060575.81333333,226575200.0
9058.0,212265031.13333333,212700000.0
27.0,462962611.43333334,459345000.0
8403.0,61169458.88333333,61031000.0
3237.0,216813470.50666666,216027500.0
10648.0,125413964.83900009,125396000.0
861.0,171438042.46,171092700.0
14981.0,135154097.32,135171500.0
12817.0,108586729.78333333,108638590.0
14147.0,364998343.55333334,366130000.0
13708.0,130357998.75,130446292.0
16111.0,306710685.66333336,307646000.0
5671.0,51836157.833133355,51637950.0
2993.0,99612790.38333334,99544100.0
12612.0,72836776.72,72982700.0
12990.0,221489716.23333332,221633600.0
15351.0,137214335.64666668,137423000.0
17658.0,147927600.50333333,148260000.0
11944.0,93472687.0,93470000.0
18098.0,79473407.08666667,80029158.0
17148.0,250784116.99333334,250725000.0
8302.0,463718947.23334664,460800000.0
18073.0,74173374.13,74036760.0
6815.0,85210048.28,84848400.0
4415.0,93148772.30333333,93060000.0
8466.0,167760619.333372,167375000.0
13372.0,226353440.50666666,226710000.0
10068.0,111104763.12666667,111271000.0
18048.0,266643965.24333334,267126900.0
8143.0,336140804.0733333,335386000.0
17825.0,303044111.31333333,303340000.0
11625.0,127818284.7186,127576500.0
14764.0,55583795.3362,55556250.0
12274.0,105210880.28,105138900.0
9503.0,115389849.11,115544000.0
5229.0,78101304.38666667,76281200.0
12959.0,389199444.03333336,388960000.0
11179.0,210642598.09333333,210437500.0
2577.0,363234389.11,361080000.0
17224.0,217640208.31,218010000.0
2511.0,303585733.3333333,301226400.0
7564.0,517076458.3333333,510450000.0
14871.0,52791717.351433344,53336350.0
491.0,110547790.76666667,110252800.0
8940.0,129393421.36333333,129190000.0
10685.0,139331892.91666666,139052000.0
12054.0,239173001.14,239275000.0
7385.0,276635333.74666667,274942880.0
577.0,52114525.11766666,51718000.0
14974.0,89195634.01666667,89388000.0
12161.0,150510303.03333333,150554780.0
17289.0,302616136.4033333,303280000.0
1842.0,187976918.23333332,187327300.0
16426.0,215030501.04,215992000.0
17997.0,382343108.56666666,383576400.0
5308.0,112623685.10666667,112400000.0
8315.0,139524864.81666666,138900000.0
7735.0,123199389.48666666,122681250.0
14135.0,180949906.42333335,180468000.0
7976.0,271412741.60333335,270592000.0
8467.0,122731404.16666667,122893800.0
5945.0,87021845.91706668,87012796.0
2154.0,435698981.78334665,434760000.0
7442.0,137726060.36666667,136800000.0
15605.0,54683450.19,54683634.0
12398.0,131321923.48263334,131446000.0
12010.0,241521563.96666667,241887000.0
5182.0,901798903.4,887446400.0
7109.0,240517310.06,240055000.0
14821.0,102893487.52,103057500.0
3021.0,460748840.1333333,457575300.0
11935.0,272307262.79,271985280.0
3612.0,242187712.33333334,241231600.0
15628.0,298524436.8933333,299152000.0
10518.0,78023650.9,78000000.015
18326.0,174738792.84666666,174895050.0
9063.0,177217788.19333333,177390000.0
10462.0,139554965.66666666,139541556.0
16745.0,165014215.5,165283450.0
12939.0,79107131.62666667,79104000.0
3233.0,65860116.03333333,65715000.0
7317.0,560349312.9533334,556803800.0
7180.0,172382046.43233332,172008000.0
7493.0,143533205.74666667,143179200.0
2714.0,362813611.99666667,360963790.0
9542.0,59111815.56199999,58895500.0
17630.0,98021766.88,98280000.0
579.0,111811364.54,111320500.0
6091.0,323195380.3,322514000.0
8255.0,293038801.89,293056720.0
17288.0,363188531.86,364423000.0
17469.0,96095190.06666666,96169500.0
10126.0,120038005.54,120016000.0
11985.0,215440338.20666668,215367500.0
701.0,164450699.02668598,164021000.0
4333.0,116425806.96666667,115447800.0
17167.0,119094958.64333333,119117050.0
14851.0,219819060.56,220402000.0
16918.0,87177528.06666666,87296000.0
15733.0,200325782.29333332,200655000.0
7212.0,85798208.58,85680000.0
6188.0,185229295.93333334,184042500.0
9449.0,204749198.06666666,204875000.0
15922.0,79961635.58666667,80370000.0
11337.0,199386004.11333334,199238600.0
16711.0,73792477.30333333,73912800.0
9766.0,104543903.72333333,104580000.0
15840.0,454617012.26398647,456913000.0
12151.0,71645449.34,71921020.0
2436.0,383387033.6666667,381968900.0
5395.0,127696541.56,127771200.0
14053.0,81891558.84,81960000.0
955.0,136515450.5,136126000.0
12182.0,219741798.16666666,219926500.0
3191.0,54186574.828666665,53998980.0
16846.0,112829127.0,113016400.0
16598.0,70852770.69,70846524.0
13338.0,68264913.81333333,68390000.0
15495.0,79560523.63,80000800.0
7873.0,227705540.52666667,227340000.0
3503.0,82681661.13630003,82460000.0
15229.0,130144410.00666666,130369470.0
1453.0,192931636.88333333,192595000.0
10687.0,136254838.54666665,135948800.0
3786.0,223591014.76666668,223998840.0
14609.0,188876998.56333333,189401500.0
3942.0,65895434.78666667,65715000.0
8732.0,409718591.5733333,407736000.0
11230.0,638166520.0,639962500.0
17371.0,310510200.5,312118180.0
9128.0,105064946.94,105000596.0
11620.0,69112246.43333334,69375000.0
10534.0,114686225.05,114870000.0
9626.0,78282845.56333333,78408000.0
13445.0,84150461.82333334,84278960.0
17737.0,88881243.43333334,89313200.0
17238.0,114842488.8,115120000.0
17732.0,158912151.33666667,159226500.0
10221.0,258895153.19666666,258989888.0
10816.0,116945711.35333334,117000000.0
12246.0,47510860.67333333,47818880.0
6818.0,213594849.26666668,212750500.0
4577.0,177992790.80046666,178013100.0
11949.0,118450810.08,118496000.0
683.0,373361443.1,371714050.0
7374.0,86860403.61,86496000.0
9308.0,150200018.93333334,149950500.0
11471.0,72053532.50333333,72000032.0
1966.0,126755233.65,126630000.0
452.0,129146315.44333333,129080280.0
4301.0,95308571.42453332,95239000.0
11832.0,269688783.83,269616800.0
7441.0,177518724.44499996,176405400.0
10963.0,103904554.66333333,103800000.0
2624.0,166429237.59333333,166401900.0
9842.0,200986447.92333335,200758050.0
18087.0,266627072.24333334,266350000.0
5103.0,181498212.6,181324500.0
14240.0,521596007.56666666,524280000.0
7710.0,219251747.99333334,219528500.0
16005.0,299527825.88666666,300533250.0
4573.0,60603392.642666675,60300000.0
15540.0,330615805.3,332896000.0
8810.0,181016031.53333333,180740000.0
2211.0,189017947.06,188459175.0
6145.0,189060969.13333333,188417500.0
16808.0,224550560.66,224846900.0
9733.0,321856570.7,322224000.0
12457.0,270789526.19,270918000.0
7055.0,376447020.8333333,375077364.0
14804.0,267110988.09666666,266871640.0
9075.0,138917468.0,139179700.0
16870.0,104155893.36666666,104466145.0
3819.0,116530290.18333334,116310600.0
12968.0,100536431.11,101091248.0
3322.0,159154663.83333334,159088200.0
9939.0,531493024.32,529230800.0
15538.0,186256444.37666667,186732300.0
9041.0,179368235.65046665,178520800.0
4654.0,60460814.47733334,60307500.0
12408.0,153715176.46666667,153681600.0
9470.0,422820626.58666664,423900000.0
11245.0,548603182.18,548371250.0
17731.0,170655145.6,171240000.0
6760.0,120435265.1,120192000.0
8597.0,51778002.69570001,51640139.0
14573.0,209867866.43,210630000.0
9443.0,228589110.64,228900000.0
8798.0,168965876.09333333,169120000.0
6168.0,100116019.15,99588762.0
16667.0,166586408.4,166680000.0
18032.0,146689637.72,147155550.0
5120.0,86303205.07053335,86273000.0
9634.0,165232663.1,165360000.0
1290.0,559656585.47,558338000.0
12616.0,435406148.28668,435275000.0
12582.0,249099626.93333334,249454400.0
9020.0,316651980.6433333,316304000.0
15598.0,57222738.85666667,57267315.0
10659.0,138731891.63333333,138656700.0
8267.0,93018851.33333333,93018000.0
4763.0,130324094.09666666,130148480.0
17820.0,187563023.96666667,187827000.0
327.0,283185626.1333333,282276000.0
10079.0,527092293.39666665,526400000.0
2090.0,85893815.96796668,85676500.0
177.0,131913782.04333334,131600000.0
14272.0,148096312.34333333,148500000.0
17180.0,74561932.01,74893600.0
15260.0,217734188.4,218040120.0
2984.0,173574581.07993332,173228000.0
14081.0,84370518.59333333,84542000.0
2175.0,204911501.43333334,204592000.0
8395.0,155554494.38333333,155280000.0
6667.0,307163659.04333335,306020000.0
14820.0,60178158.3,60299100.0
16992.0,123284610.27666667,123753000.0
11451.0,274619527.3433333,274406400.0
16700.0,60262704.002000004,60480000.0
2578.0,118261218.15333334,118107060.0
9622.0,367897934.4166667,368856130.0
17194.0,102318939.83333333,102448800.0
2814.0,399187465.06666666,394409000.0
8987.0,71584149.84533332,71400000.0
1780.0,89239487.92,88800000.0
17636.0,130690336.23333333,130646400.0
11314.0,137057192.58666667,137233000.0
17056.0,181873478.89333335,182760000.0
14910.0,115505263.74666667,115900000.0
12579.0,170452655.8,170547200.0
5482.0,170687085.78333333,170762880.0
12256.0,612139828.9133333,614704000.0
15050.0,105441627.15666667,105420810.0
15982.0,434951067.4533733,435967000.0
16207.0,199906872.23,200298760.0
15297.0,57253287.89333333,57209120.0
9862.0,319482591.7,319905962.0
6578.0,85137870.49666667,84715200.0
11322.0,688323427.24,691420000.0
7696.0,149507869.8,148750000.0
10503.0,204582864.73333332,204928000.0
2506.0,90075054.51159988,90060000.0
13546.0,171339634.733372,171600750.0
17648.0,329987832.43333334,330261466.0
12537.0,157529607.81666666,157606200.0
12970.0,495019241.1666667,496413900.0
13930.0,120591429.29,120911650.0
8703.0,110140814.13666667,110221341.0
10799.0,130925206.97333333,131040000.0
10254.0,305734546.17,306015000.0
6111.0,93861964.09333333,93443100.0
17271.0,88750834.75666666,89065600.0
16459.0,163351885.26666668,163687800.0
11846.0,221985019.59333333,222842227.0
16842.0,162338112.8,163094144.0
9358.0,234143587.78,233670472.0
17870.0,77932557.79,78145000.0
8588.0,86778348.14666666,86907600.0
13737.0,184018182.41333333,184112000.0
7762.0,105096522.33333333,105228725.0
18151.0,105101801.86666666,105223200.0
11840.0,191148880.7,191460640.0
10557.0,180625021.33,180570000.0
10757.0,98906085.83333333,98705000.0
17142.0,116696555.66666667,116874300.0
16543.0,80144095.0,80433600.0
8518.0,126173933.75246668,126236600.0
16520.0,351987796.62666667,352057500.0
6173.0,122789166.88,122205590.0
15583.0,128780961.34666666,129019880.0
6358.0,350028929.29333335,348579000.0
12186.0,163125145.89333335,163397900.0
284.0,51632326.739533335,51027600.0
4001.0,157860341.06666666,157735200.0
11116.0,274014783.53333336,273900000.0
8869.0,166115828.63352662,166105000.0
1944.0,101062803.48,100833000.0
10871.0,54609281.18136667,54540000.0
2864.0,128148905.89,128225000.0
5650.0,387320154.15,386715000.0
14946.0,837970728.1666666,845204400.0
4166.0,119334051.63333334,119358750.0
9829.0,174993226.31946665,175342000.0
7395.0,184319072.8,183328300.0
4300.0,91275635.96666667,91384650.0
3979.0,119904533.93333334,119640000.0
17470.0,74046581.93,74036760.0
11580.0,130011636.84596667,129750000.0
14790.0,220842343.1,221374800.0
16569.0,349407167.76666665,351014463.0
7214.0,73479253.00666666,73045500.0
9848.0,117318913.07666667,117438000.0
15931.0,104960109.83333333,105038000.0
15442.0,269034539.3333333,269678500.0
8713.0,152153348.43333334,151979500.0
17234.0,113439201.36666666,113815120.0
14348.0,305468434.51,307200500.0
6052.0,339742145.2,338016000.0
8469.0,216258641.97,215621336.0
6100.0,666994455.22,662173700.0
10943.0,446696763.97669333,444604500.0
16209.0,105358985.51333334,105420810.0
16752.0,136344076.32,136397000.0
14564.0,161588396.15333334,161650000.0
8468.0,242724549.55333334,242046000.0
10263.0,153563104.16666666,153495000.0
18236.0,72983094.99333334,73459600.0
12645.0,421722260.96,422230200.0
2620.0,150156988.80666667,150000000.0
14985.0,122478135.85333334,122866470.0
4427.0,166417782.66666666,166362000.0
5364.0,179404771.26666668,179550800.0
14611.0,128849548.93666667,129035000.0
13600.0,280862571.7133333,281184000.0
6671.0,213430344.68,212642400.0
8961.0,274083734.5933333,273644500.0
7025.0,172628925.9338,171874560.0
5722.0,98469159.55933332,98469000.0
14701.0,285660731.37333333,285972735.628
12685.0,139418952.24666667,139416750.0
3521.0,364806793.5,363753570.0
3646.0,96696021.25376666,96706590.0
10377.0,279672616.06666666,279860700.0
9447.0,142087244.72333333,142208000.0
4137.0,175476360.26666668,174818910.0
14686.0,114649497.04,114973900.0
15967.0,253804118.1,254619800.0
6264.0,336213200.3333333,332325000.0
13823.0,382148403.75333333,383720500.0
11345.0,89644314.33053334,89658800.0
15070.0,105278109.2,105263700.0
788.0,116447281.33,116005820.0
17392.0,495534815.43333334,497700000.0
11973.0,339148275.62666667,339690900.0
129.0,939953058.2,921582990.0
270.0,245561976.51666668,245000000.0
15930.0,69566571.36,70089600.0
6262.0,831525176.8733333,825600000.0
15302.0,165807206.83333334,166104520.0
14602.0,126544705.12333333,126590000.0
1843.0,180230206.73333332,180154000.0
5039.0,201590387.06666666,201377020.0
4718.0,129217578.58666667,129219750.0
8590.0,123086301.01666667,123175500.0
15125.0,302402597.74,302646000.0
3280.0,985225566.5,974400000.0
11454.0,224373687.8,223931500.0
11484.0,217101277.71333334,217056900.0
16847.0,247652328.60666665,248180900.0
7485.0,179123606.67666668,178350400.0
15256.0,135763774.36,136136000.0
8338.0,284197618.24666667,284090000.0
13252.0,328605161.05333334,328956000.0
12642.0,102159934.65333334,102222000.0
6324.0,166090618.43341064,165560700.0
16698.0,130018963.85,130224000.0
13169.0,95141639.56666666,95282800.0
7484.0,283106967.3466667,282705000.0
8822.0,190746515.7,191000000.0
16204.0,102337516.74666667,102641000.0
15487.0,225577297.50666666,225775000.0
6736.0,114929488.52,114600000.0
6079.0,138798539.95666668,137758500.0
17742.0,97987711.91,98151300.0
9621.0,914408618.6666666,908839000.0
16134.0,115081845.40666667,115200000.0
12758.0,367390581.51666665,367600000.0
10823.0,191039340.74,191159000.0
13982.0,128697926.93193334,129007000.0
10202.0,164769040.1,165000000.0
9294.0,313262849.94,312585000.0
13898.0,65014966.78666667,65304000.0
15227.0,117309988.26,117685000.0
10150.0,176434162.69046667,175927000.0
17711.0,342541110.7033333,343691250.0
12393.0,212646108.97333333,212589000.0
7892.0,168700575.03337198,168490500.0
5990.0,202444981.57333332,200964500.0
13397.0,121162116.21,121227600.0
3164.0,124092907.94596668,124000400.0
722.0,53029978.93573334,52680000.0
11707.0,327105696.73,327480000.0
16190.0,105319697.95666666,105360000.0
7500.0,54155831.27573334,53612400.0
17863.0,120703034.76333334,120800000.0
10956.0,125247384.68526667,125164300.0
17511.0,65620850.50666667,66130000.0
9372.0,284327924.24,285262776.0
10214.0,649530057.8466667,645510000.0
7232.0,118209231.38666667,117990000.0
5248.0,51561796.66433333,50904000.0
10961.0,253201519.1,253034670.0
10585.0,232598472.15666667,233200000.0
9004.0,137460452.03,137395744.0
14232.0,89800308.91666667,89892320.0
12899.0,133875622.27,133920000.0
14235.0,105553188.62,105557500.0
8193.0,243071699.4,242145500.0
15751.0,138525227.44666666,139161000.0
17275.0,246164255.97333333,246650000.0
1791.0,76388262.19333333,76002500.0
13258.0,105127786.18666667,105415780.0
11467.0,131142354.71333334,131287200.0
5556.0,96582514.71373326,96600000.0
14553.0,195445075.20333335,196089660.0
1325.0,323225886.96666664,322049400.0
5702.0,123909311.20666666,123967800.0
17569.0,151096091.52,151510500.0
8539.0,129183969.82,128926500.0
12909.0,191167791.9,191398750.0
18025.0,85495957.75333333,85680000.0
7551.0,110253768.94666667,110389500.0
15449.0,178778603.06,179307000.0
12529.0,80786328.64,81000000.0
2643.0,139582274.31666666,139237400.0
14853.0,374601528.1166667,376347200.0
14384.0,201619583.52666667,201971400.0
1538.0,164105882.16,163960000.0
17815.0,175402473.74,175658750.0
14337.0,368709868.3333333,369779500.0
489.0,98193952.69573331,98124000.0
17514.0,122940896.86,123007000.0
2839.0,99652951.10666667,99500092.0
8019.0,238671660.52666667,238792100.0
13174.0,356519264.37333333,356928000.0
173.0,139631789.02666667,139261000.0
3020.0,99656358.03666666,99660800.0
15989.0,99553272.38333334,99900000.0
1135.0,87488704.71240002,87500464.0
137.0,216423034.14,215201000.0
17802.0,124225746.91666667,124369350.0
13325.0,249290705.48666668,249403000.0
8672.0,163259063.98666668,162668000.0
7522.0,646018522.3366667,656560500.0
14358.0,274623803.63,274803200.0
18148.0,131888690.61333333,132182000.0
7106.0,149439408.94,148662500.0
13211.0,89368349.56666666,89368430.0
13335.0,112209318.76666667,112289540.0
11083.0,125288568.78316668,125150000.0
5733.0,405137686.77666664,403650000.0
16303.0,440341572.3333733,439650000.0
6069.0,545109302.4433334,538966470.0
2519.0,111786692.68666667,111038000.0
9928.0,174789777.67713332,174837100.0
15430.0,178471582.31,178446000.0
10195.0,138152360.45666668,138240000.0
14755.0,163641403.7,163876600.0
16277.0,136924054.37666667,137700000.0
6457.0,205630301.6,205398000.0
8128.0,131968387.80666667,131516000.0
10236.0,192776516.83333334,192634600.0
3747.0,89069350.19253333,89040000.0
5531.0,223711813.12333333,223790000.0
14583.0,689992142.37,696944200.0
2858.0,91297088.48646666,91016000.0
3990.0,160126217.49333334,159845400.0
6709.0,147425319.08666667,147058150.0
9202.0,104605000.34666666,104400200.0
10281.0,118713683.2,118804900.0
15995.0,488566524.52,489856000.0
1100.0,86336654.24440002,86184000.0
16496.0,665681384.4566667,675060000.0
14281.0,441024803.4,441592000.0
1246.0,147799395.01333332,147487500.0
16405.0,106888825.14,107226000.0
3565.0,108394844.61666666,108000000.0
7559.0,96763149.03669998,96595500.0
13564.0,157070014.31666666,157251600.0
15177.0,130272385.1,130380000.0
15205.0,140241184.60333332,140226120.0
8304.0,139588237.55333334,139209000.0
9257.0,271110691.6066667,270732260.0
6920.0,87630674.91080001,87480000.0
7934.0,125395732.90176669,125436000.0
15425.0,211556910.81333333,212418000.0
6487.0,91810531.92313333,91404920.0
15656.0,88238487.28666666,88531554.0
12635.0,65636299.153333336,65917500.0
6648.0,282901531.81333333,280372000.0
398.0,78780647.87666667,78540000.0
8652.0,185455306.21666667,185000000.0
16530.0,60533190.39933334,60776500.0
10710.0,58068955.99733333,58507000.0
17650.0,70175743.67,70380000.0
6872.0,183747523.46333334,182594100.0
1146.0,95752188.70496659,95550000.0
4939.0,100410918.15,100320000.0
10167.0,78724927.29666667,78872100.0
10219.0,65888721.92,66270000.0
15948.0,318332562.06,320434932.0
3457.0,118162563.33333333,118224000.0
15962.0,68171917.0,68730000.0
15151.0,87846168.06666666,88066800.0
7103.0,144608199.88666666,143935500.0
18211.0,102173490.10666667,102311000.0
3095.0,109194714.54666667,109050000.0
4410.0,129534452.03666666,129500000.0
12479.0,135013183.28,134976400.0
9981.0,377124633.97,376285000.0
4659.0,912419280.4,897484000.0
16511.0,234014091.01,234415670.0
2639.0,126303942.84666666,126221000.0
2582.0,306199367.28,303845000.0
4787.0,156394163.06666666,156438000.0
8725.0,99652662.99333334,99680000.0
839.0,96263757.40503329,96244650.0
2943.0,89709517.91606666,90580050.0
14367.0,74746222.92,74870000.0
16166.0,168399064.266686,168750000.0
15397.0,390455465.23333335,391429400.0
9675.0,321739605.6666667,322209344.0
2464.0,59259548.77733337,58670000.0
13732.0,626202009.4233333,633285000.0
8491.0,662499437.16,651519000.0
14001.0,134618179.95666668,134652800.0
5411.0,302364485.51666665,301560000.0
17906.0,152842951.66666666,153000000.0
12291.0,100734132.64,100704000.0
369.0,292647999.56333333,290890000.0
6910.0,146325609.82333332,145800000.0
8401.0,169716212.8,170158400.0
6494.0,213300567.77666667,212805600.0
6024.0,374809465.1766667,372825000.0
6822.0,208425772.83666667,207417500.0
3828.0,147930415.36666667,147803200.0
6878.0,205128668.67333335,203721700.0
2963.0,135076726.25666666,134740000.0
13722.0,112311222.46,112428000.0
4025.0,646188820.1866666,640200000.0
6668.0,102367025.72666667,102098880.0
11094.0,193019190.23333332,193089500.0
12355.0,175529992.17333335,175510000.0
5754.0,425001742.46668,424350000.0
6190.0,70530107.09666666,69900000.0
389.0,64364538.155333325,64172500.0
7604.0,216177949.88333333,215844000.0
4798.0,184234806.73333332,184092000.0
17269.0,80187650.55333333,80604000.0
17448.0,113135838.18666667,113295000.0
16724.0,290296632.0733333,290927030.0
3684.0,114979321.24,114724920.0
4373.0,71645784.05333333,71520000.0
13882.0,166498028.00003865,166564800.0
6116.0,100802524.92666666,100387500.0
7458.0,287243750.51666665,286380500.0
9860.0,127546719.83123334,127919594.0
6646.0,158784460.78,157869000.0
6013.0,196685322.33,195549200.0
10587.0,99310639.67666666,99300000.0
13008.0,331193235.5366667,331380830.0
17806.0,493444721.1933333,494921340.0
10849.0,219035530.83333334,219001200.0
17503.0,108056645.70666666,108137000.0
12122.0,326360816.23,325980900.0
7405.0,151849405.90666667,151455000.0
16232.0,311405869.71,312942460.0
10958.0,138874409.96333334,138999582.0
6228.0,256630520.70333335,254300000.0
17810.0,180423032.33,180612000.0
3831.0,250634263.63333333,250001600.0
13646.0,291242072.0933333,291471210.0
12045.0,605044887.9266666,606440000.0
8726.0,182227785.58333334,182196000.0
13466.0,116312732.69666667,116348400.0
1385.0,140879567.91333333,140592040.0
6017.0,93524174.35,93024000.0
17199.0,116337966.96333334,116550000.0
878.0,104308898.29333334,104043900.0
10833.0,541000511.6,541552000.0
15168.0,313598185.18666667,314515000.0
13512.0,463476003.40669334,465225000.0
18100.0,436776248.50333333,440240000.0
13449.0,184173960.25333333,184275600.0
5087.0,172265857.96806666,172215000.0
17570.0,161940659.9,162097700.0
16253.0,121127645.35333334,121440000.0
12776.0,249808231.46666667,250025000.0
14672.0,296974620.73333335,297790000.0
7134.0,52184267.05813333,52026000.0
13591.0,208741824.28,209006693.0
8102.0,157386911.59666666,157362840.0
14294.0,107365035.33666667,107635200.0
4731.0,78446231.15,78370200.0
8420.0,251949737.63,252070000.0
7920.0,320176527.23333335,318690000.0
3723.0,101705845.78593333,101478000.0
14958.0,376309685.9166667,378000000.0
9598.0,360378507.23333335,361374000.0
7002.0,717781984.0466666,708908000.0
12236.0,116214936.94,116200000.0
4986.0,437709114.4033333,436019870.0
17625.0,90875488.04313333,91000000.0
9439.0,156339882.83333334,156200000.0
12938.0,170867755.66666666,170875250.0
7858.0,143885648.58666667,143640000.0
13585.0,100262365.80150001,100576800.0
11505.0,327992625.17333335,325667500.0
15646.0,141047232.02,142100000.0
14461.0,56283786.52333333,56800000.0
17965.0,110734173.53333333,110950500.0
6892.0,148988661.2,148288000.0
6821.0,232544403.36666667,231454500.0
7922.0,90888099.56666666,91003185.0
3691.0,123945175.4493,124028800.0
10357.0,446409264.59668,446588335.0
11267.0,109789144.15666667,109860960.0
18093.0,155504822.29333332,156003500.0
17061.0,249883323.9,250063270.0
10641.0,137106265.54333332,136955000.0
15738.0,627093222.42,633570000.0
1052.0,286996541.54333335,285600000.0
12259.0,222543062.85333332,222576000.0
6828.0,129246353.92333333,129246200.0
2181.0,95427979.99666667,94852000.0
10727.0,51765368.9958,52140220.0
179.0,226667563.0,226620000.0
8719.0,138452383.97,138033480.0
5457.0,90307941.16066663,90388716.0
6194.0,173639396.14113328,173000000.0
16969.0,149885622.73333332,150172500.0
12004.0,285510632.6933333,286230900.0
13351.0,204211834.72666666,204196800.0
14977.0,141337904.47666666,141428100.0
10698.0,76260171.65666667,76200000.0
16996.0,103599235.73333333,103636000.0
17730.0,200493318.35333332,200785100.0
11178.0,166446810.53338164,166315000.0
17666.0,120534390.85,120619600.0
8215.0,307091531.06,306124000.0
17506.0,68359184.17333333,68712000.0
10007.0,275542610.68666667,275332000.0
17717.0,95160053.36333333,95530500.0
8712.0,341144525.07,340010000.0
14727.0,85599709.12333333,85554000.0
12184.0,91686110.47,91432328.0
9913.0,134685991.66,135030700.0
3575.0,64842274.766666666,64351560.0
14485.0,197739202.0,197662500.0
16434.0,278112797.7133333,278400000.0
16337.0,103584158.41666667,103676000.0
633.0,193608288.68333334,193140145.0
15197.0,105311923.32333334,105400000.0
15669.0,128608763.71,128938680.0
10094.0,441726710.88666666,440057500.0
6210.0,128832263.31,128520000.0
9315.0,343051917.81333333,343952800.0
17323.0,484457726.9166667,485633200.0
6217.0,116501402.95333333,116158500.0
4851.0,136389385.77333334,135910220.0
14260.0,150538941.75,150701200.0
15804.0,223462478.5,223626060.0
14925.0,199990336.01333332,200226000.0
11076.0,244072090.81333333,243228000.0
17816.0,125754993.26,125788000.0
14895.0,61253691.67,61663500.0
10131.0,203628333.24333334,204140000.0
15910.0,75627123.58666667,75920000.0
10435.0,799972995.5666667,805117500.0
10591.0,112185409.48666666,112124750.0
15277.0,229727167.46333334,230500000.0
1919.0,99769059.82,99588362.0
7766.0,118039841.39333333,117917500.0
10393.0,335838230.06666666,335609280.0
6092.0,53926525.02866666,53259820.0
3614.0,106193718.85333334,105969600.0
12992.0,323719548.85,323287800.0
6132.0,105687281.72,105462000.0
11499.0,530120725.17333335,531693000.0
7995.0,128465061.02333333,128277000.0
18138.0,161700259.72666666,161903600.0
10929.0,269875425.70666665,269650000.0
13857.0,52190054.083333336,52569500.0
12980.0,205149268.59,205389042.0
14132.0,228438611.71333334,228838000.0
11370.0,207978468.61,207862500.0
16644.0,346873219.74333334,349723500.0
15905.0,105338167.60666667,105465916.0
14288.0,103932663.82333334,104040000.0
14948.0,51891876.06,51737000.0
8525.0,197356882.31666666,197014500.0
4808.0,109639552.85333334,109626000.0
